SquareFeet,Bedrooms,Bathrooms,Age,Price
1200,2,1,15,180000
1500,3,2,10,225000
1800,3,2,5,275000
2000,4,2,8,295000
2200,4,3,3,340000
1100,2,1,20,165000
1400,3,2,12,210000
1600,3,2,7,245000
1900,4,2,6,285000
2100,4,3,4,325000
1300,2,1,18,175000
1700,3,2,9,260000
2300,4,3,2,365000
2500,5,3,1,410000
1250,2,1,16,185000
1450,3,2,11,220000
1850,3,2,6,270000
2050,4,2,7,300000
2150,4,3,5,330000
1150,2,1,19,170000
1550,3,2,10,235000
1950,4,2,5,290000
2250,4,3,3,355000
2400,5,3,2,390000
1350,2,2,14,195000
1650,3,2,8,250000
2350,4,3,2,370000
2600,5,4,1,425000
1280,2,1,17,182000
1480,3,2,11,218000
1880,3,2,6,268000
2080,4,2,7,305000
2180,4,3,4,335000
1180,2,1,20,168000
1580,3,2,9,238000
1980,4,2,5,288000
2280,4,3,3,358000
2450,5,3,1,395000
1220,2,1,16,178000
1520,3,2,10,228000
1820,3,2,6,272000
2020,4,2,8,298000
2120,4,3,5,328000
1120,2,1,21,162000
1420,3,2,13,212000
1720,3,2,8,255000
2020,4,2,6,295000
2320,4,3,2,362000
1380,2,2,15,198000
1680,3,2,8,252000
2380,4,3,2,375000
2650,5,4,1,430000
1260,2,1,17,183000
1560,3,2,10,233000
1860,3,2,6,273000
2060,4,2,7,303000
2160,4,3,5,333000
1160,2,1,20,167000
1460,3,2,12,217000
1760,3,2,8,258000
2260,4,3,3,353000
2460,5,3,1,398000
1340,2,2,14,193000
1640,3,2,9,248000
1940,4,2,5,293000
2340,4,3,2,368000
2540,5,3,1,415000
1290,2,1,17,186000
1590,3,2,9,240000
1890,3,2,6,278000
2090,4,2,7,308000
2190,4,3,4,338000
1190,2,1,19,172000
1490,3,2,11,222000
1790,3,2,7,263000
2290,4,3,3,360000
2490,5,3,1,402000
1360,2,2,15,196000
1660,3,2,8,253000
1960,4,2,5,291000
2360,4,3,2,372000
2560,5,3,1,418000
1240,2,1,16,181000
1540,3,2,10,231000
1840,3,2,6,274000
2040,4,2,8,301000
2140,4,3,5,331000
1140,2,1,20,166000
1440,3,2,12,215000
1740,3,2,8,257000
2240,4,3,3,357000
2440,5,3,1,393000
1320,2,1,15,190000
1620,3,2,9,244000
1920,4,2,5,287000
2320,4,3,2,363000
2520,5,3,1,412000
1270,2,1,17,184000
1570,3,2,10,236000
1870,3,2,6,276000
